Nombre,Aliados,Conflictos
Autodefensas Guardia por la Paz,"",Cártel Jalisco Nueva Generación
Autodefensas de Chenalhó,"",""
Autodefensas de Quintana Roo,"",""
Autodefensas de San Cristóbal,Cártel de San Juan Chamula,Los Motonetos
Autodefensas de Tepalcatepec,"",""
Banda de Cajititlán,"",""
Banda de Chapala,"",""
Banda de El Alvin,"",""
Banda de El América,"",""
Banda de El Borras,"",""
Banda de El Charal,"",""
Banda de El Chita,"",""
Banda de El Español,"",""
Banda de El Geisha,"",""
Banda de El Loco Téllez,"",Hermanos Pérez Juan
Banda de El Mamer,Cártel Jalisco Nueva Generación; La Barredora,Banda de El Toñín; Sangre Nueva Zeta
Banda de El Masero,"",""
Banda de El Monterrey,"",""
Banda de El Parka,"",""
Banda de El Talachas,"",""
Banda de El Tortillero,"",""
Banda de El Toñín,Cártel Jalisco Nueva Generación,Banda de El Mamer
Banda de La Dueña,La Línea,""
Banda de Los Gota a Gota,Machete de la Chapiza,""
Banda de la Riviera Maya,Los Bonfiles,""
Banda del Caracol,"",""
Banda del Chore,Cártel de Sinaloa (Los Guzmán); La Barredora; Los Cebús,Cártel de Sinaloa (Los Zambada)
Banda del Comandante Cromo,Cártel San Luis Rey,""
Banda del Cuervo,"",""
Banda del Dober,"",""
Banda del Galleta,"",""
Banda del Gato,"",""
Banda del Gigan,"",""
Banda del Gordo Frank,"",""
Banda del Hindú,Cártel de Sinaloa,""
Banda del Jefe de Jefes,"",""
Banda del Kalimba,"",""
Banda del Menona,Cártel de Sinaloa,""
Banda del Niñote,"",Los Rodolfos
Banda del Picasso,"",""
Banda del Poncho,"",""
Banda del Tigre,"",Cártel Jalisco Nueva Generación
Banda del Valente,"",""
Barrio 18,"",Mara Salvatrucha
CDX,"",""
CJNG-CIDA,Cártel Independiente de Acapulco; Cártel Jalisco Nueva Generación; Flor Imperial,""
CNR,"",""
Cabo 24,Fuerzas Especiales del Ranchero,""
Chapitos-CJNG,Cártel Jalisco Nueva Generación; Cártel de Sinaloa (Los Guzmán),""
Clan Zheng,"",""
Colombianos,"",""
Columna Armada Pedro J. Méndez,"",""
Comandante Teto,"",Cártel Jalisco Nueva Generación
Comando Tlahuica,"",Los Rojos
Comando XXIII,Cártel Jalisco Nueva Generación,Cártel de Zicuirán; Cárteles Unidos; La Nueva Familia Michoacana; Los Viagra
Confederación Autónoma de Trabajadores y Empleados de México (CATEM),Los Cabrera,""
Cártel Chiapas y Guatemala,Cártel Jalisco Nueva Generación; El Maíz; Kaibiles,Cártel de Sinaloa; Los Huistas; Los Motonetos; Mara Salvatrucha
Cártel Gente Nueva Salazar,Los Escorpiones,Cártel Jalisco Nueva Generación; Cártel La Nueva Familia; Cártel Nueva Plaza; Cártel de Santa Rosa de Lima
Cártel Independiente de Acapulco,CJNG-CIDA; Cártel Jalisco Nueva Generación; Flor Imperial,Los Rusos; Los Rusos (de Guerrero); Los Zetas Vieja Escuela
Cártel Independiente de La Laguna,Cártel de Sinaloa (Los Guzmán),""
Cártel Independiente de Nuevo Léon,"",""
Cártel Jalisco Nueva Generación,Banda de El Mamer; Banda de El Toñín; CJNG-CIDA; Chapitos-CJNG; Comando XXIII; Cártel Chiapas y Guatemala; Cártel Independiente de Acapulco; Cártel Michoacán Nueva Generación; Cártel de Juchitán; Cártel de Sinaloa (Los Guzmán); Cártel de Tijuana Nueva Generación; Cártel de Tláhuac; Cártel de la Virgen; Cártel del Golfo; Cártel del Poniente; El Cártel del Primo; El Machete; El Maíz; Federación Morelense; Flor Imperial; Fuerza Anti-Unión Tepito; Fuerzas Especiales Unión; Grupo Reacción; Grupo X-CJNG; Guerrero Nueva Generación; Guerreros Unidos; Hermanos Bonques; La Barredora; La Chokiza; La Luz del Mundo; La Línea; La Mafia Filipina; La Nueva Alianza; La Oficina; La Tecampanera; La Unión Oaxaca; Los Acapulco; Los Autónomos; Los Blancos de Troya; Los Canchola; Los Ciriles; Los Cuinis; Los Durango; Los Erres; Los Fabiola; Los Filippini; Los Granados; Los Gálvez; Los Herrera; Los Huistas; Los Metros; Los Pelones; Los Primos; Los Rodolfos; Los Rodríguez; Los Tequileros; Los Tlacos; Los Viagra; Machete de la Chapiza; Mafia Filipini; Operativa La Barredora del CJNG,Autodefensas Guardia por la Paz; Banda del Tigre; Comandante Teto; Cártel Gente Nueva Salazar; Cártel La Nueva Familia; Cártel Nueva Plaza; Cártel de Caborca; Cártel de Cancún; Cártel de Ensenada; Cártel de Los Alemanes; Cártel de Los Arellano Félix; Cártel de Los Maestros; Cártel de Los Reyes; Cártel de Oaxaca; Cártel de Santa Rosa de Lima; Cártel de Sinaloa; Cártel de Tepalcatepec; Cártel de Zicuirán; Cártel de la Costa; Cártel del Camaleón; Cártel del Noreste; Cárteles Unidos; El 30; Fuerzas Especiales Grupo Sombra; Fuerzas Especiales del Charro; Gente Nueva; Gpo. Flechas Operativa M.Z.; Grupo Bravo; Grupo X; Guardia Michoacana; La Bandera; La Familia Michoacana; La Gente de Aquiles; La Nueva Empresa; La Nueva Familia Michoacana; La Reserva del Más Loco; La Unión León; Las Leches; Los Arzate; Los Caballeros Templarios; Los Chuckys; Los Colombianos; Los Correa; Los Escorpiones; Los Garibay; Los Gopes; Los Maldonado; Los Mezcales; Los Motonetos; Los Pía; Los R4; Los Rojos; Los Rusos; Los Talibanes; Los Tena; Los Tercios; Los Venados; Los Zorros; Los de Siempre; Organización del Compa Playa; Pueblos Unidos Contra la Delincuencia; Pájaro Sierra; Sangre Brava Morelense; Tropa del Infierno
Cártel La Nueva Familia,"",Cártel Gente Nueva Salazar; Cártel Jalisco Nueva Generación; Cártel Nueva Plaza; Cártel Nueva Salazar; Cártel de Santa Rosa de Lima
Cártel López,La Línea,""
Cártel Michoacán Nueva Generación,Cártel Jalisco Nueva Generación; Los Blancos de Troya; Los Viagra,Cártel de Tepalcatepec; La Nueva Familia Michoacana; Los Caballeros Templarios
Cártel Nueva Plaza,Las Leches,Cártel Gente Nueva Salazar; Cártel Jalisco Nueva Generación; Cártel La Nueva Familia; Cártel Nueva Salazar; Cártel de Santa Rosa de Lima; Cártel de Sinaloa (Los Guzmán)
Cártel Nueva Salazar,"",Cártel La Nueva Familia; Cártel Nueva Plaza
Cártel San Luis Rey,Banda del Comandante Cromo,""
Cártel Tabasco Nueva Generación,La Barredora,""
Cártel Zicuirán Nueva Generación,"",Cárteles Unidos; La Nueva Familia Michoacana
Cártel de Caborca,Cártel de Sinaloa (Los Zambada); Cártel de la Costa; La Barredora; Los Artistas Asesinos; Los Hermanos Sánchez; Los Jaguares; Los Números; Los Paredes; Los Peluches; Los Salazar,Cártel Jalisco Nueva Generación; Cártel de Los Arellano Félix; Cártel de Sinaloa (Los Guzmán); La Nueva Alianza; Los Cazadores; Los Deltas (Los Guzmán); Los Demonios; Los Rusos; Los Rusos (de Guerrero)
Cártel de Cancún,Cártel de Sinaloa,Cártel Jalisco Nueva Generación
Cártel de Ensenada,Cártel de Sinaloa (Los Guzmán); Los Ninis,Cártel Jalisco Nueva Generación
Cártel de Juchitán,Cártel Jalisco Nueva Generación; Cártel de Oaxaca; Sindicato Libertad,""
Cártel de Juárez,"",Cártel de Sinaloa (Los Guzmán)
Cártel de Los Alemanes,Los Metros,Cártel Jalisco Nueva Generación; Cártel del Noreste; Los Zetas Vieja Escuela
Cártel de Los Arellano Félix,EL Kieto; El Chan; Los Arzate; Organización criminal de la familia Meza Flores,Cártel Jalisco Nueva Generación; Cártel de Caborca; Cártel de Sinaloa (Los Guzmán); Cártel de Tijuana Nueva Generación; La Línea; La Nueva Familia Michoacana; Los Caballeros Templarios; Los Mazatlecos; Los Venados; Los Viagra; Los Viejos Aztecas; Los Zetas Vieja Escuela; Los Zorros
Cártel de Los Beltrán Leyva,"",Cártel de San Juan Chamula; Cártel de Sinaloa (Los Zambada); Cártel de Tijuana Nueva Generación; Los Zetas Vieja Escuela; Mara Salvatrucha
Cártel de Los Maestros,"",Cártel Jalisco Nueva Generación; Cártel del Noreste
Cártel de Los Reyes,Cártel de Tepalcatepec; Cárteles Unidos; Los Viagra,Cártel Jalisco Nueva Generación
Cártel de Oaxaca,Cártel de Juchitán; Sindicato Libertad,Cártel Jalisco Nueva Generación; Los Piña
Cártel de Puebla,Gente Nueva del Sur,""
Cártel de San Juan Chamula,Autodefensas de San Cristóbal; Los Motonetos,Cártel de Los Beltrán Leyva; Cártel de Sinaloa; Los Ratones; Los Zetas Vieja Escuela
Cártel de Santa Rosa de Lima,Cártel de Sinaloa; Cártel del Golfo; Cárteles Unidos; Fuerzas Especiales Grupo Sombra; La Nueva Familia Michoacana; La Unión Tepito; Las Leches; Los Escorpiones; Paramilitares Colombianos,Cártel Gente Nueva Salazar; Cártel Jalisco Nueva Generación; Cártel La Nueva Familia; Cártel Nueva Plaza; Cártel de Sinaloa (Los Guzmán); Grupo Élite; Los Deltas; Los RR
Cártel de Sinaloa,Banda del Hindú; Banda del Menona; Cártel de Cancún; Cártel de Santa Rosa de Lima; El Tren de Aragua; Fuerzas Especiales Grupo Sombra; Gpo. Flechas Operativa M.Z.; La Bandera; La Bhardwaj; La Empresa; La Nueva Familia Michoacana; Los Colombianos; Los Garibay; Los Hernández Salas; Los Jaguares; Los Mezcales; Los Pía; Los Reyes; Los Rodos NCI; Los Rusos; Los Talibanes,Cártel Chiapas y Guatemala; Cártel Jalisco Nueva Generación; Cártel de San Juan Chamula; Cártel de Tijuana Nueva Generación; Cártel del Golfo; El Machete; El Maíz; Fuerzas Armadas Apache; Fuerzas Especiales Mexicles; Gente del Guano; La Línea; Los Autónomos; Los Bournes; Los Deltas; Los Hades; Los Herrera; Los Linces; Los Memos (de Sonora y Durango); Los Piña; Los RR; Los Viejos Aztecas; Los Zetas Vieja Escuela; Machete de la Chapiza; Mara Salvatrucha; Nuevo Cártel de Juárez; Organización criminal de la familia Meza Flores
Cártel de Sinaloa (Los Guzmán),Banda del Chore; Chapitos-CJNG; Cártel Independiente de La Laguna; Cártel Jalisco Nueva Generación; Cártel de Ensenada; Cártel del Mar; El 15; Fuerzas Especiales Avendaño; Fuerzas Especiales Unión; Hells Angels Motorcycle Club; La Barredora; Los Alfa; Los Cazadores; Los Chivos; Los Fantasmas; Los Memos (Cártel de Sinaloa); Los Mexicles; Los Mochomitos; Los Pelones; Los Ponchis; Los Salgueiro; Mata Salas; Organización de los Hernández Salas; Pueblos Unidos,Cártel Nueva Plaza; Cártel de Caborca; Cártel de Juárez; Cártel de Los Arellano Félix; Cártel de Santa Rosa de Lima; Cártel de Sinaloa (Los Zambada); El 00; El 30; El Flaco; El Güero Pulseras; El Limón; Gente Nueva del Jaguar; Gpo. Flechas Operativa M.Z.; La Gente de Aquiles; Los Arzate; Los Cabrera; Los Chuckys; Los Deltas (Los Guzmán); Los Gigios; Los Mazatlecos; Los Paredes; Los Rugrats; Los Rusos; Los Salazar; Los Tamales; Los Valenzuela; Los Venados; Los Zorros; Los Ántrax; Nuevo Cártel del Tigre
Cártel de Sinaloa (Los Zambada),Cártel de Caborca; Cártel del Noreste; Cárteles Unidos; Gente Nueva del Jaguar; La Gente de Aquiles; Los Aldos; Los Arzate; Los Bonfiles; Los Cabrera; Los Demonios; Los Mazatlecos; Los Venados; Los Zorros; Nuevo Cártel del Tigre,Banda del Chore; Cártel de Los Beltrán Leyva; Cártel de Sinaloa (Los Guzmán); Cártel del Mar; Cártel del Poniente; Don Lemo; El 15; El 40; El Señor de la V; Fuerzas Especiales Unión; Grupo del Guano; La Barredora; La Empresa; Los Artistas Asesinos; Los Chimales; Los Chivos; Los Metros; Los Ninis
Cártel de Tepalcatepec,Cártel de Los Reyes; Cárteles Unidos; La Reserva del Más Loco; Los Caballeros Templarios,Cártel Jalisco Nueva Generación; Cártel Michoacán Nueva Generación; Cártel de la Virgen; Los Blancos de Troya; Los Deltas; Los Viagra
Cártel de Tijuana Nueva Generación,Cártel Jalisco Nueva Generación; La Línea,Cártel de Los Arellano Félix; Cártel de Los Beltrán Leyva; Cártel de Sinaloa
Cártel de Tláhuac,Cártel Jalisco Nueva Generación; Los Gastones; Los Tanzanios,La Unión Tepito; Los Maceros; Los Rodolfos
Cártel de Zicuirán,Cárteles Unidos,Comando XXIII; Cártel Jalisco Nueva Generación
Cártel de Zucuirán,"",Los Viagra
Cártel de la Costa,Cártel de Caborca,Cártel Jalisco Nueva Generación
Cártel de la Virgen,Cártel Jalisco Nueva Generación; Los Blancos de Troya; Los Caballeros Templarios; Los Viagra,Cártel de Tepalcatepec
Cártel de los Alemanes,Cártel del Golfo,La Nueva Familia Michoacana; Los Zetas Vieja Escuela
Cártel de los Beltrán Leyva,La Oficina; Los Ardillos; Los Istolinques,""
Cártel de los Ministeriales,"",""
Cártel del Camaleón,Cárteles Unidos,Cártel Jalisco Nueva Generación
Cártel del Golfo,Cártel Jalisco Nueva Generación; Cártel de Santa Rosa de Lima; Cártel de los Alemanes; Fuerzas Especiales Grupo Sombra; La Oficina; Los Gálvez; Los Primos,Cártel de Sinaloa; Cártel del Noreste; Los Zetas Vieja Escuela
Cártel del Golfo Nueva Era,Los Metros,Los Ciclones
Cártel del Mar,Cártel de Sinaloa (Los Guzmán),Cártel de Sinaloa (Los Zambada); Los Rusos
Cártel del Noreste,Cártel de Sinaloa (Los Zambada); Gente Nueva,Cártel Jalisco Nueva Generación; Cártel de Los Alemanes; Cártel de Los Maestros; Cártel del Golfo; Grupo Bravo; La Nueva Familia Michoacana; Los Costales; Los Guerrero; Los Metros; Los Rodos; Los Rodos NCI; Los Zetas Vieja Escuela
Cártel del Nuevo Imperio,La Unión Tepito; Los Cholos; Los Malportados; Los Oaxacos; Los Tepiteños; Los Tiernos,""
Cártel del Pelón de Playas,"",""
Cártel del Poniente,Cártel Jalisco Nueva Generación,Cártel de Sinaloa (Los Zambada)
Cártel del Sur,Guerreros Unidos; Los Ardillos; Los Rojos; Los Tlacos,La Nueva Familia Michoacana; Los Jaliscos
Cárteles Unidos,Cártel de Los Reyes; Cártel de Santa Rosa de Lima; Cártel de Sinaloa (Los Zambada); Cártel de Tepalcatepec; Cártel de Zicuirán; Cártel del Camaleón; El 30; Fuerzas Especiales del Charro; La Nueva Familia Michoacana; La Reserva del Más Loco; Los Blancos de Troya,Comando XXIII; Cártel Jalisco Nueva Generación; Cártel Zicuirán Nueva Generación; Equipo del Justiciero del Pueblo; Fuerzas Especiales Mencho; Los Caballeros Templarios; Los Colombianos; Los Deltas; Los Guerreros; Los RR; Los Viagra
Doble B,"",La Nueva Familia Michoacana
Don Agus,Los Rojos,""
Don Lemo,"",Cártel de Sinaloa (Los Zambada)
EL Kieto,Cártel de Los Arellano Félix,""
El 00,"",Cártel de Sinaloa (Los Guzmán)
El 15,Cártel de Sinaloa (Los Guzmán),Cártel de Sinaloa (Los Zambada)
El 30,Cárteles Unidos; Fuerzas Especiales del Charro,Cártel Jalisco Nueva Generación; Cártel de Sinaloa (Los Guzmán)
El 40,"",Cártel de Sinaloa (Los Zambada)
El Chan,Cártel de Los Arellano Félix,""
El Cártel del Primo,Cártel Jalisco Nueva Generación,""
El Flaco,"",Cártel de Sinaloa (Los Guzmán)
El Güero Pulseras,"",Cártel de Sinaloa (Los Guzmán)
El Limón,"",Cártel de Sinaloa (Los Guzmán)
El Machete,Cártel Jalisco Nueva Generación,Cártel de Sinaloa
El Maíz,Cártel Chiapas y Guatemala; Cártel Jalisco Nueva Generación,Cártel de Sinaloa; Los Huistas
El Señor de la V,"",Cártel de Sinaloa (Los Zambada)
El Tren de Aragua,Cártel de Sinaloa; La Empresa; La Línea; La Unión León,Fuerza Anti-Unión Tepito; La Unión Tepito
Equipo del Justiciero del Pueblo,"",Cárteles Unidos; La Nueva Familia Michoacana
Esquema Gan,"",""
Familia Gandarilla,"",""
Familia Meza Osorio,Los Paredes,La Línea; Los Salgueiro
Familia Núñez Meza,Los Salgueiro,Fuerzas Especiales Mexicles; La Línea; Los Cabrera; Los Nuevos Aztecas
Federación Guerrerense,Los Ardillos; Los Tlacos,La Nueva Familia Michoacana
Federación Morelense,Cártel Jalisco Nueva Generación; Trébol; Unión de Sindicatos y Organizaciones Nacionales,""
Flor Imperial,CJNG-CIDA; Cártel Independiente de Acapulco; Cártel Jalisco Nueva Generación,""
Fuerza Anti-Unión Tepito,Cártel Jalisco Nueva Generación; Los Balta,El Tren de Aragua; La Unión Tepito; Los Sinaloas
Fuerza Guerrerense,La Nueva Familia Michoacana,""
Fuerza Rural Comunitaria de Pueblos del Norte de Culiacán,"",""
Fuerzas Armadas Apache,"",Cártel de Sinaloa
Fuerzas Armadas de Simojovel,"",""
Fuerzas Especiales Avendaño,Cártel de Sinaloa (Los Guzmán),""
Fuerzas Especiales Grupo Sombra,Cártel de Santa Rosa de Lima; Cártel de Sinaloa; Cártel del Golfo; Los Piña,Cártel Jalisco Nueva Generación; Gente Nueva; Gestora
Fuerzas Especiales Mencho,"",Cárteles Unidos
Fuerzas Especiales Mexicles,Nuevo Cártel de Juárez,Cártel de Sinaloa; Familia Núñez Meza; Los Artistas Asesinos; Los Mexicles; PPM; Triple Alianza
Fuerzas Especiales Unión,Cártel Jalisco Nueva Generación; Cártel de Sinaloa (Los Guzmán),Cártel de Sinaloa (Los Zambada)
Fuerzas Especiales del Charro,Cárteles Unidos; El 30,Cártel Jalisco Nueva Generación
Fuerzas Especiales del Ranchero,Cabo 24,""
Gente Nueva,Cártel del Noreste; La Barredora; Los Cabrera; Los Cahuira; Los Cazadores; Los Jaguares; Nuevo Cártel del Tigre,Cártel Jalisco Nueva Generación; Fuerzas Especiales Grupo Sombra; La Línea; Los Mexicanos; Los Tercios; Los Tlacos
Gente Nueva del Jaguar,Cártel de Sinaloa (Los Zambada),Cártel de Sinaloa (Los Guzmán)
Gente Nueva del Sur,Cártel de Puebla,""
Gente Nueva del Tigre,"",""
Gente de la Selva,"",""
Gente del Guano,"",Cártel de Sinaloa
Gestora,"",Fuerzas Especiales Grupo Sombra
Gpo. Flechas Operativa M.Z.,Cártel de Sinaloa,Cártel Jalisco Nueva Generación; Cártel de Sinaloa (Los Guzmán)
Grupo Bravo,"",Cártel Jalisco Nueva Generación; Cártel del Noreste
Grupo Pantera,Los Zetas Vieja Escuela,Los Escorpiones
Grupo Reacción,Cártel Jalisco Nueva Generación,Los Caballeros Templarios
Grupo X,"",Cártel Jalisco Nueva Generación; Los Correa
Grupo X-CJNG,Cártel Jalisco Nueva Generación,La Nueva Familia Michoacana; Los Correa
Grupo del Guano,"",Cártel de Sinaloa (Los Zambada); Los Mazatlecos
Grupo Élite,"",Cártel de Santa Rosa de Lima
Guardia Guerrerense,"",""
Guardia Michoacana,La Nueva Familia Michoacana; La Reserva del Más Loco; Los Viagra,Cártel Jalisco Nueva Generación
Guerrero Nueva Generación,Cártel Jalisco Nueva Generación; La Nueva Familia Michoacana; Los Rodríguez,Los Granados; Los Tlacos
Guerreros Unidos,Cártel Jalisco Nueva Generación; Cártel del Sur; Los Colombianos; Sindicato Libertad,La Tecampanera; Los Rojos; Los Tlacos; Sangre Brava Morelense; Sangre Nueva Guerrerense
Hells Angels Motorcycle Club,Cártel de Sinaloa (Los Guzmán),""
Hermanos Bonques,Cártel Jalisco Nueva Generación,""
Hermanos Marcu,"",""
Hermanos Pérez Juan,"",Banda de El Loco Téllez
Kaibiles,Cártel Chiapas y Guatemala,""
La Bandera,Cártel de Sinaloa,Cártel Jalisco Nueva Generación; Los Tlacos
La Barredora,Banda de El Mamer; Banda del Chore; Cártel Jalisco Nueva Generación; Cártel Tabasco Nueva Generación; Cártel de Caborca; Cártel de Sinaloa (Los Guzmán); Gente Nueva; Los Cebús,Cártel de Sinaloa (Los Zambada); Los Cazadores; Los Salazar
La Barredora 24/7,"",""
La Bhardwaj,Cártel de Sinaloa,""
La Chokiza,Cártel Jalisco Nueva Generación; La Nueva Familia Michoacana; Unión de Sindicatos y Organizaciones Nacionales,""
La Empresa,Cártel de Sinaloa; El Tren de Aragua; La Línea; Los Mexicles,Cártel de Sinaloa (Los Zambada); Los Artistas Asesinos; Los Nuevos Aztecas
La Fama 11,"",""
La Familia Michoacana,"",Cártel Jalisco Nueva Generación; Los Caballeros Templarios
La Familia Vara Dávila,"",Los Chuchas; Los Netos; Los Panales
La Fantasma 18,"",""
La Gente de Aquiles,Cártel de Sinaloa (Los Zambada),Cártel Jalisco Nueva Generación; Cártel de Sinaloa (Los Guzmán)
La Guardia Michoacana,La Nueva Familia Michoacana,""
La Hermandad,"",""
La Letra,"",""
La Luz del Mundo,Cártel Jalisco Nueva Generación,""
La Línea,Banda de La Dueña; Cártel Jalisco Nueva Generación; Cártel López; Cártel de Tijuana Nueva Generación; El Tren de Aragua; La Empresa; Los Arellanes; Los Mexicles; Los Nuevos Aztecas; Los Viejos Aztecas,Cártel de Los Arellano Félix; Cártel de Sinaloa; Familia Meza Osorio; Familia Núñez Meza; Gente Nueva; Los Artistas Asesinos; Los Cabrera; Los Jaguares; Los Salazar; Nuevo Cártel de Juárez; Nuevo Cártel del Tigre
La Mafia Filipina,Cártel Jalisco Nueva Generación,""
La Mafia Mexicana,"",""
La Nueva Alianza,Cártel Jalisco Nueva Generación; La Unión Tepito,Cártel de Caborca; Los Peluches
La Nueva Empresa,Los Arreola; Los Correa; Los Maldonado; Los de Siempre; Sangre Brava Morelense; Sindicato 22 de Octubre,Cártel Jalisco Nueva Generación; Los Colombianos
La Nueva Familia Michoacana,Cártel de Santa Rosa de Lima; Cártel de Sinaloa; Cárteles Unidos; Fuerza Guerrerense; Guardia Michoacana; Guerrero Nueva Generación; La Chokiza; La Guardia Michoacana; La Oficina; Los Arreola; Los Hermanos Sánchez; Los Rodríguez; Sindicato Bicentenario; Unión de Sindicatos y Organizaciones Nacionales,Comando XXIII; Cártel Jalisco Nueva Generación; Cártel Michoacán Nueva Generación; Cártel Zicuirán Nueva Generación; Cártel de Los Arellano Félix; Cártel de los Alemanes; Cártel del Noreste; Cártel del Sur; Doble B; Equipo del Justiciero del Pueblo; Federación Guerrerense; Grupo X-CJNG; La Tecampanera; La Unión Tepito; Los Ardillos; Los Correa; Los Guerreros; Los Jaliscos; Los Linos; Los Mazos; Los Negros; Los Tlacos; Los Viagra; Los de Siempre; Unión Morelense
La Oficina,Cártel Jalisco Nueva Generación; Cártel de los Beltrán Leyva; Cártel del Golfo; La Nueva Familia Michoacana; Los Mazatlecos; Los Zetas Vieja Escuela,""
La Plaza,Mata Salas,Los Salazar
La Reserva del Más Loco,Cártel de Tepalcatepec; Cárteles Unidos; Guardia Michoacana; Los Tena,Cártel Jalisco Nueva Generación
La Ronda 88,"",La Unión Tepito
La Sombra,"",""
La Tecampanera,Cártel Jalisco Nueva Generación,Guerreros Unidos; La Nueva Familia Michoacana
La Unión León,El Tren de Aragua; Los Leches; Los Viagra,Cártel Jalisco Nueva Generación
La Unión Oaxaca,Cártel Jalisco Nueva Generación,""
La Unión Tepito,Cártel de Santa Rosa de Lima; Cártel del Nuevo Imperio; La Nueva Alianza; Los Canchola; Los Discos; Los Istolinques; Los Linos; Los Tepiteños,Cártel de Tláhuac; El Tren de Aragua; Fuerza Anti-Unión Tepito; La Nueva Familia Michoacana; La Ronda 88; Los Balta; Los Fortis de la Unión Tepito; Los Fortiz; Los Guerrero 4; Los Rodolfos; Los Tanzanios; Sindicato Libertad
Las Cabras,"",""
Las Leches,Cártel Nueva Plaza; Cártel de Santa Rosa de Lima,Cártel Jalisco Nueva Generación
Las Panteras,"",Los Ciclones; Los Escorpiones; Los Metros; Rojos (Tamaulipas)
Las Vigilantes,"",""
Los 28,"",""
Los Acapulco,Cártel Jalisco Nueva Generación,Los Rojos
Los Acme,"",""
Los Aldos,Cártel de Sinaloa (Los Zambada),""
Los Alfa,Cártel de Sinaloa (Los Guzmán),""
Los Ardillos,Cártel de los Beltrán Leyva; Cártel del Sur; Federación Guerrerense; Los Rojos,La Nueva Familia Michoacana; Los Jaliscos; Los Rusos; Los Rusos (de Guerrero); Los Tlacos
Los Arellanes,La Línea; Los Ramoncillos,""
Los Arizmendi,"",""
Los Arreola,La Nueva Empresa; La Nueva Familia Michoacana,""
Los Artistas Asesinos,Cártel de Caborca; Los Cabrera,Cártel de Sinaloa (Los Zambada); Fuerzas Especiales Mexicles; La Empresa; La Línea; Los Mexicles; Los Nuevos Aztecas; Los Viejos Aztecas
Los Arzate,Cártel de Los Arellano Félix; Cártel de Sinaloa (Los Zambada); Los Rusos; Los Zorros,Cártel Jalisco Nueva Generación; Cártel de Sinaloa (Los Guzmán); Los Escorpiones; Los Metros; Los Zetas Vieja Escuela
Los Autónomos,Cártel Jalisco Nueva Generación,Cártel de Sinaloa
Los Balta,Fuerza Anti-Unión Tepito,La Unión Tepito
Los Blancos de Troya,Cártel Jalisco Nueva Generación; Cártel Michoacán Nueva Generación; Cártel de la Virgen; Cárteles Unidos; Los Caballeros Templarios; Los Viagra,Cártel de Tepalcatepec
Los Bolillos,Los Netos,""
Los Bonfiles,Banda de la Riviera Maya; Cártel de Sinaloa (Los Zambada),""
Los Bournes,"",Cártel de Sinaloa; Nuevo Cártel del Tigre
Los Búfalos,"",""
Los Caballeros Templarios,Cártel de Tepalcatepec; Cártel de la Virgen; Los Blancos de Troya,Cártel Jalisco Nueva Generación; Cártel Michoacán Nueva Generación; Cártel de Los Arellano Félix; Cárteles Unidos; Grupo Reacción; La Familia Michoacana; Los Viagra
Los Cabrera,Confederación Autónoma de Trabajadores y Empleados de México (CATEM); Cártel de Sinaloa (Los Zambada); Gente Nueva; Los Artistas Asesinos; Los CabreraMZ; Los Caimanes; Los Ruachos,Cártel de Sinaloa (Los Guzmán); Familia Núñez Meza; La Línea; Los Mazatlecos; Los Nuevos Aztecas
Los CabreraMZ,Los Cabrera,""
Los Cahuira,Gente Nueva,""
Los Caimanes,Los Cabrera,""
Los Caltencos,Los Tepeacas,""
Los Canchola,Cártel Jalisco Nueva Generación; La Unión Tepito,Los Cuervos
Los Cardenales,Los Nuevos Aztecas,""
Los Carnales,Los Nuevos Aztecas,""
Los Cazadores,Cártel de Sinaloa (Los Guzmán); Gente Nueva; Los Deltas (Los Guzmán); Nuevo Cártel Independiente de Sonora,Cártel de Caborca; La Barredora; Los Demonios
Los Cebús,Banda del Chore; La Barredora; Los Compich,Los Pelones
Los Cenobios,"",Los Tinajero
Los Chaparros,"",""
Los Cheyenes,"",Los Reyes (de Chihuahua)
Los Chilas,"",""
Los Chimales,"",Cártel de Sinaloa (Los Zambada)
Los Chivos,Cártel de Sinaloa (Los Guzmán),Cártel de Sinaloa (Los Zambada)
Los Cholos,Cártel del Nuevo Imperio; Nuevo Cártel de Juárez,""
Los Chontuyos,"",""
Los Chuchas,"",La Familia Vara Dávila; Los Netos; Los Panales
Los Chuckys,"",Cártel Jalisco Nueva Generación; Cártel de Sinaloa (Los Guzmán)
Los Ciclones,Los Escorpiones,Cártel del Golfo Nueva Era; Las Panteras; Los Metros; Rojos (Tamaulipas)
Los Cinco del Pueblo,"",""
Los Ciriles,Cártel Jalisco Nueva Generación,""
Los Colombianos,Cártel de Sinaloa; Guerreros Unidos,Cártel Jalisco Nueva Generación; Cárteles Unidos; La Nueva Empresa; Los Linos
Los Compich,Los Cebús,Los Osos; Los Pelones
Los Conejitos,Organización Sindical Unión 300,""
Los Coronas,"",""
Los Coroneles,"",""
Los Correa,La Nueva Empresa,Cártel Jalisco Nueva Generación; Grupo X; Grupo X-CJNG; La Nueva Familia Michoacana
Los Costales,"",Cártel del Noreste
Los Costeños,"",""
Los Cuates,"",""
Los Cuervos,"",Los Canchola
Los Cuinis,Cártel Jalisco Nueva Generación,""
Los Cázares,"",""
Los Deltas,Los Viagra,Cártel de Santa Rosa de Lima; Cártel de Sinaloa; Cártel de Tepalcatepec; Cárteles Unidos; Los Pelones; Los Salazar
Los Deltas (Los Guzmán),Los Cazadores; Los Pelones,Cártel de Caborca; Cártel de Sinaloa (Los Guzmán)
Los Demonios,Cártel de Sinaloa (Los Zambada),Cártel de Caborca; Los Cazadores
Los Diablos,"",""
Los Discos,La Unión Tepito,""
Los Duques,Los Tanzanios,""
Los Durango,Cártel Jalisco Nueva Generación,""
Los Dámaso,"",""
Los Epitacio,"",""
Los Erres,Cártel Jalisco Nueva Generación,""
Los Escorpiones,Cártel Gente Nueva Salazar; Cártel de Santa Rosa de Lima; Los Ciclones,Cártel Jalisco Nueva Generación; Grupo Pantera; Las Panteras; Los Arzate; Los Metros; Los Zetas Vieja Escuela; Rojos (Tamaulipas)
Los Escudero,"",""
Los Fabiola,Cártel Jalisco Nueva Generación,""
Los Fantasmas,Cártel de Sinaloa (Los Guzmán),Mata Salas
Los Filippini,Cártel Jalisco Nueva Generación,""
Los Fortis de la Unión Tepito,"",La Unión Tepito
Los Fortiz,"",La Unión Tepito
Los Franquis,"",""
Los Garibay,Cártel de Sinaloa; Los Salazar,Cártel Jalisco Nueva Generación; Los Rusos
Los Gastones,Cártel de Tláhuac,Los Güeros; Los Maceros
Los Gigios,"",Cártel de Sinaloa (Los Guzmán)
Los Gloria,"",""
Los Gopes,"",Cártel Jalisco Nueva Generación
Los Granados,Cártel Jalisco Nueva Generación,Guerrero Nueva Generación; Los Rodríguez
Los Guapos,"",""
Los Guerrero,"",Cártel del Noreste
Los Guerrero 4,"",La Unión Tepito
Los Guerreros,"",Cárteles Unidos; La Nueva Familia Michoacana
Los Gálvez,Cártel Jalisco Nueva Generación; Cártel del Golfo,""
Los Güeros,Los Rodolfos,Los Gastones; Los Oaxacos
Los H,"",""
Los Hades,"",Cártel de Sinaloa
Los Herederos del Diablo,"",""
Los Hermanos Sánchez,Cártel de Caborca; La Nueva Familia Michoacana,""
Los Hernández Salas,Cártel de Sinaloa,""
Los Herrera,Cártel Jalisco Nueva Generación,Cártel de Sinaloa
Los Huevos,"",""
Los Huistas,Cártel Jalisco Nueva Generación,Cártel Chiapas y Guatemala; El Maíz; Los Motonetos; Mara Salvatrucha
Los Istolinques,Cártel de los Beltrán Leyva; La Unión Tepito,""
Los Jacobos,"",""
Los Jaguares,Cártel de Caborca; Cártel de Sinaloa; Gente Nueva; Los Salazar,La Línea; Los Linces; Nuevo Cártel de Juárez
Los Jaibos,"",""
Los Jaliscos,"",Cártel del Sur; La Nueva Familia Michoacana; Los Ardillos; Los Tlacos
Los Leal,"",""
Los Leches,La Unión León,""
Los Linces,"",Cártel de Sinaloa; Los Jaguares; Los Paredes
Los Linos,La Unión Tepito; Los Rojos; Los de Siempre,La Nueva Familia Michoacana; Los Colombianos
Los Maceros,"",Cártel de Tláhuac; Los Gastones; Los Rodolfos
Los Maestrín,"",""
Los Maldonado,La Nueva Empresa,Cártel Jalisco Nueva Generación
Los Malportados,Cártel del Nuevo Imperio,""
Los Maya,"",""
Los Mazatlecos,Cártel de Sinaloa (Los Zambada); La Oficina,Cártel de Los Arellano Félix; Cártel de Sinaloa (Los Guzmán); Grupo del Guano; Los Cabrera
Los Mazos,"",La Nueva Familia Michoacana
Los Meleán,"",""
Los Memos,"",""
Los Memos (Cártel de Sinaloa),Cártel de Sinaloa (Los Guzmán),""
Los Memos (de Sonora y Durango),"",Cártel de Sinaloa
Los Mercenarios,"",""
Los Metros,Cártel Jalisco Nueva Generación; Cártel de Los Alemanes; Cártel del Golfo Nueva Era,Cártel de Sinaloa (Los Zambada); Cártel del Noreste; Las Panteras; Los Arzate; Los Ciclones; Los Escorpiones; Los Rodos NCI; Los Rojos; Los Zetas Vieja Escuela; Rojos (Tamaulipas)
Los Mexicanos,"",Gente Nueva
Los Mexicles,Cártel de Sinaloa (Los Guzmán); La Empresa; La Línea,Fuerzas Especiales Mexicles; Los Artistas Asesinos; Los Nuevos Aztecas; Los Viejos Aztecas
Los Mezcales,Cártel de Sinaloa,Cártel Jalisco Nueva Generación
Los Mochomitos,Cártel de Sinaloa (Los Guzmán),""
Los Molina,"",Los Rodolfos
Los Mongoles,"",""
Los Motonetos,Cártel de San Juan Chamula,Autodefensas de San Cristóbal; Cártel Chiapas y Guatemala; Cártel Jalisco Nueva Generación; Los Huistas; Mara Salvatrucha
Los Negros,"",La Nueva Familia Michoacana
Los Netos,Los Bolillos,La Familia Vara Dávila; Los Chuchas; Los Panales
Los Nieblas Ramírez,"",""
Los Ninis,Cártel de Ensenada,Cártel de Sinaloa (Los Zambada); Los Rusos
Los Niño Serrano,"",""
Los Nuevos Aztecas,La Línea; Los Cardenales; Los Carnales,Familia Núñez Meza; La Empresa; Los Artistas Asesinos; Los Cabrera; Los Mexicles
Los Números,Cártel de Caborca,""
Los Oaxacos,Cártel del Nuevo Imperio,Los Güeros
Los Osos,Los Pelones,Los Compich
Los Padrinos,"",""
Los Panales,"",La Familia Vara Dávila; Los Chuchas; Los Netos
Los Paredes,Cártel de Caborca; Familia Meza Osorio; Los Salazar; Nuevo Cártel Independiente de Sonora,Cártel de Sinaloa (Los Guzmán); Los Linces
Los Pelones,Cártel Jalisco Nueva Generación; Cártel de Sinaloa (Los Guzmán); Los Deltas (Los Guzmán); Los Osos,Los Cebús; Los Compich; Los Deltas; Los Rusos; Los Salazar
Los Peluches,Cártel de Caborca,La Nueva Alianza
Los Peques,"",""
Los Perris,"",""
Los Pilotos,"",""
Los Piscacha,Los Rusos,""
Los Piña,Fuerzas Especiales Grupo Sombra,Cártel de Oaxaca; Cártel de Sinaloa; Organización del Compa Playa; Pueblos Unidos Contra la Delincuencia
Los Ponchis,Cártel de Sinaloa (Los Guzmán),""
Los Primos,Cártel Jalisco Nueva Generación; Cártel del Golfo,""
Los Pulido,"",""
Los Páez,"",""
Los Pía,Cártel de Sinaloa,Cártel Jalisco Nueva Generación
Los Querreques,"",""
Los R4,"",Cártel Jalisco Nueva Generación
Los RR,"",Cártel de Santa Rosa de Lima; Cártel de Sinaloa; Cárteles Unidos
Los Ramoncillos,Los Arellanes,""
Los Ratones,"",Cártel de San Juan Chamula
Los Reyes,Cártel de Sinaloa; Los Salgueiro,Los Salazar
Los Reyes (de Chihuahua),"",Los Cheyenes
Los Rodolfos,Cártel Jalisco Nueva Generación; Los Güeros,Banda del Niñote; Cártel de Tláhuac; La Unión Tepito; Los Maceros; Los Molina
Los Rodos,"",Cártel del Noreste
Los Rodos NCI,Cártel de Sinaloa,Cártel del Noreste; Los Metros
Los Rodríguez,Cártel Jalisco Nueva Generación; Guerrero Nueva Generación; La Nueva Familia Michoacana,Los Granados
Los Rojos,Cártel del Sur; Don Agus; Los Ardillos; Los Linos; Los Tlacos; Sangre Brava Morelense,Comando Tlahuica; Cártel Jalisco Nueva Generación; Guerreros Unidos; Los Acapulco; Los Metros; Los de Siempre
Los Ruachos,Los Cabrera,""
Los Rugrats,"",Cártel de Sinaloa (Los Guzmán)
Los Rusos,Cártel de Sinaloa; Los Arzate; Los Piscacha; Los Zorros,Cártel Independiente de Acapulco; Cártel Jalisco Nueva Generación; Cártel de Caborca; Cártel de Sinaloa (Los Guzmán); Cártel del Mar; Los Ardillos; Los Garibay; Los Ninis; Los Pelones; Los Salazar; Mata Salas
Los Rusos (de Guerrero),"",Cártel Independiente de Acapulco; Cártel de Caborca; Los Ardillos
Los Salazar,Cártel de Caborca; Los Garibay; Los Jaguares; Los Paredes; Nuevo Cártel Independiente de Sonora,Cártel de Sinaloa (Los Guzmán); La Barredora; La Línea; La Plaza; Los Deltas; Los Pelones; Los Reyes; Los Rusos; Los Salgueiro; Mata Salas
Los Salgueiro,Cártel de Sinaloa (Los Guzmán); Familia Núñez Meza; Los Reyes,Familia Meza Osorio; Los Salazar; Nuevo Cártel de Juárez
Los Scorpion,"",""
Los Sierreños,"",""
Los Sillas,"",""
Los Sinaloas,"",Fuerza Anti-Unión Tepito
Los Sureños 13,"",""
Los Talibanes,Cártel de Sinaloa,Cártel Jalisco Nueva Generación
Los Tamales,"",Cártel de Sinaloa (Los Guzmán)
Los Tanzanios,Cártel de Tláhuac; Los Duques,La Unión Tepito
Los Tena,La Reserva del Más Loco; Los Viagra,Cártel Jalisco Nueva Generación
Los Tepeacas,Los Caltencos,""
Los Tepiteños,Cártel del Nuevo Imperio; La Unión Tepito,""
Los Tequileros,Cártel Jalisco Nueva Generación,""
Los Tercios,"",Cártel Jalisco Nueva Generación; Gente Nueva
Los Tiernos,Cártel del Nuevo Imperio,""
Los Tinajero,"",Los Cenobios
Los Tlacos,Cártel Jalisco Nueva Generación; Cártel del Sur; Federación Guerrerense; Los Rojos,Gente Nueva; Guerrero Nueva Generación; Guerreros Unidos; La Bandera; La Nueva Familia Michoacana; Los Ardillos; Los Jaliscos
Los Trinis,"",""
Los Valenzuela,"",Cártel de Sinaloa (Los Guzmán)
Los Vampiros,"",""
Los Venados,Cártel de Sinaloa (Los Zambada),Cártel Jalisco Nueva Generación; Cártel de Los Arellano Félix; Cártel de Sinaloa (Los Guzmán)
Los Viagra,Cártel Jalisco Nueva Generación; Cártel Michoacán Nueva Generación; Cártel de Los Reyes; Cártel de la Virgen; Guardia Michoacana; La Unión León; Los Blancos de Troya; Los Deltas; Los Tena,Comando XXIII; Cártel de Los Arellano Félix; Cártel de Tepalcatepec; Cártel de Zucuirán; Cárteles Unidos; La Nueva Familia Michoacana; Los Caballeros Templarios
Los Viejos Aztecas,La Línea,Cártel de Los Arellano Félix; Cártel de Sinaloa; Los Artistas Asesinos; Los Mexicles
Los Villafán,"",""
Los Villegas,"",""
Los Zamarripa,"",""
Los Zetas Vieja Escuela,Grupo Pantera; La Oficina,Cártel Independiente de Acapulco; Cártel de Los Alemanes; Cártel de Los Arellano Félix; Cártel de Los Beltrán Leyva; Cártel de San Juan Chamula; Cártel de Sinaloa; Cártel de los Alemanes; Cártel del Golfo; Cártel del Noreste; Los Arzate; Los Escorpiones; Los Metros; Mara Salvatrucha
Los Zorros,Cártel de Sinaloa (Los Zambada); Los Arzate; Los Rusos,Cártel Jalisco Nueva Generación; Cártel de Los Arellano Félix; Cártel de Sinaloa (Los Guzmán)
Los Zuki,"",""
Los de Siempre,La Nueva Empresa; Los Linos,Cártel Jalisco Nueva Generación; La Nueva Familia Michoacana; Los Rojos
Los Álvarez,"",""
Los Ántrax,"",Cártel de Sinaloa (Los Guzmán)
Maceros,"",""
Machete de la Chapiza,Banda de Los Gota a Gota; Cártel Jalisco Nueva Generación,Cártel de Sinaloa
Mafia Filipini,Cártel Jalisco Nueva Generación,""
Mara Salvatrucha,"",Barrio 18; Cártel Chiapas y Guatemala; Cártel de Los Beltrán Leyva; Cártel de Sinaloa; Los Huistas; Los Motonetos; Los Zetas Vieja Escuela
Mata Salas,Cártel de Sinaloa (Los Guzmán); La Plaza,Los Fantasmas; Los Rusos; Los Salazar
Migueladas,"",""
NCJ 727,"",""
Nuevo Cártel Independiente de Sonora,Los Cazadores; Los Paredes; Los Salazar,""
Nuevo Cártel de Juárez,Fuerzas Especiales Mexicles; Los Cholos,Cártel de Sinaloa; La Línea; Los Jaguares; Los Salgueiro
Nuevo Cártel del Tigre,Cártel de Sinaloa (Los Zambada); Gente Nueva,Cártel de Sinaloa (Los Guzmán); La Línea; Los Bournes
Operativa La Barredora del CJNG,Cártel Jalisco Nueva Generación,""
Organización Sindical Unión 300,Los Conejitos,""
Organización criminal Machado,"",""
Organización criminal de Corozal,"",""
Organización criminal de la familia Meza Flores,Cártel de Los Arellano Félix,Cártel de Sinaloa
Organización de Don Pilo,"",""
Organización de los Hernández Salas,Cártel de Sinaloa (Los Guzmán),""
Organización del Compa Playa,"",Cártel Jalisco Nueva Generación; Los Piña
PPM,"",Fuerzas Especiales Mexicles
Paramilitares Colombianos,Cártel de Santa Rosa de Lima,""
Policía Comunal de Aquila,"",""
Por un Michoacán Libre,"",""
Pueblos Unidos,Cártel de Sinaloa (Los Guzmán),""
Pueblos Unidos Contra la Delincuencia,"",Cártel Jalisco Nueva Generación; Los Piña
Pájaro Sierra,"",Cártel Jalisco Nueva Generación
Rojos (Tamaulipas),"",Las Panteras; Los Ciclones; Los Escorpiones; Los Metros
Sangre Brava Morelense,La Nueva Empresa; Los Rojos,Cártel Jalisco Nueva Generación; Guerreros Unidos
Sangre Nueva Guerrerense,"",Guerreros Unidos
Sangre Nueva Zeta,"",Banda de El Mamer
Sindicato 22 de Octubre,La Nueva Empresa; Unión de Sindicatos y Organizaciones Nacionales,""
Sindicato Bicentenario,La Nueva Familia Michoacana,""
Sindicato Libertad,Cártel de Juchitán; Cártel de Oaxaca; Guerreros Unidos,La Unión Tepito
Sindicato Nacional 25 de Marzo,Unión de Sindicatos y Organizaciones Nacionales,""
Spetsnaz,"",""
Triple Alianza,"",Fuerzas Especiales Mexicles
Tropa del Infierno,"",Cártel Jalisco Nueva Generación
Trébol,Federación Morelense,""
Unión Morelense,"",La Nueva Familia Michoacana
Unión de Sindicatos y Organizaciones Nacionales,Federación Morelense; La Chokiza; La Nueva Familia Michoacana; Sindicato 22 de Octubre; Sindicato Nacional 25 de Marzo,""
Vieja Guardia,"",""
Ántrax,"",""
